question_id,split,type,label,recoverable,query_terms,bm25_top,bm25_margin,dense_top,dense_margin,agreement,p_success
qst_0001,train,basic,1,True,3.091042453358316,4.778352283296131,0.01702470835900658,0.7769870460033417,0.07168203592300415,1.0,0.7255495185946758
qst_0002,test,basic,1,True,3.2188758248682006,3.253323554992676,0.008640061222948326,0.5886017680168152,0.02610069513320923,0.3,0.5176764251503164
qst_0003,train,basic,1,True,3.295836866004329,4.873834463266226,0.23534312248651426,0.3700253367424011,0.01676708459854126,0.4,0.91440981044158
qst_0004,train,basic,1,True,3.4657359027997265,4.028656744187878,0.028467014026871046,0.6397136151790619,0.01959097385406494,1.0,0.704585181793267
qst_0005,test,basic,1,True,3.332204510175204,3.2378065321180554,0.08913064423564304,0.6637645363807678,0.011749953031539917,0.0,0.5446808883742218
qst_0006,train,basic,1,True,3.4965075614664802,3.07499623298645,0.042630922392602764,0.7229788899421692,0.049266278743743896,1.0,0.7678976593870499
qst_0007,test,basic,1,True,3.4965075614664802,3.9377365112304688,0.05094040565597227,0.44071632623672485,0.003034055233001709,0.2,0.581798367288688
qst_0008,train,basic,1,True,2.9444389791664403,5.184790717230903,0.15977780749834702,0.5477510690689087,0.013121277093887329,0.0,0.7120020564453026
qst_0009,train,basic,1,True,3.332204510175204,3.7297900164568865,0.13020460292565228,0.6080900430679321,0.005005240440368652,0.7,0.7935608638842501
qst_0010,train,basic,1,True,3.258096538021482,2.708726501464844,0.003943800976908963,0.6337411403656006,0.04498863220214844,0.5,0.5998905838857923
qst_0011,train,basic,1,True,2.833213344056216,4.568796634674072,0.16175544627275526,0.5716508626937866,0.012816756963729858,0.7,0.8398409168021176
qst_0012,train,basic,1,True,3.4339872044851463,6.086142985026042,0.3010982760597581,0.7609635442495346,0.10130758583545685,0.7,0.9602307115421803
qst_0013,test,basic,1,True,3.4657359027997265,3.2028323758033013,0.004625610051936202,0.5384449362754822,0.046846866607666016,0.1,0.5295263452965172
qst_0014,test,basic,1,True,3.295836866004329,3.334033966064453,0.026970608330727414,0.6291621327400208,0.04710659384727478,0.3,0.5955223660334352
qst_0015,train,basic,0,False,3.1354942159291497,2.8590715581720527,0.043475107203422264,0.66302090883255,0.04426997900009155,0.2,0.5850355803510716
qst_0016,test,basic,0,False,3.1354942159291497,3.4918913407759233,0.02092964637970866,0.5465147197246552,0.05063489079475403,0.5,0.6732082940454147
qst_0017,train,basic,1,True,3.091042453358316,2.8006419227236794,0.08727739159938047,0.6397956907749176,0.0041697025299072266,0.1,0.5615372912454768
qst_0018,test,basic,1,True,3.4339872044851463,3.9215520222981772,0.33946973347245846,0.5931768715381622,0.06714734435081482,0.3,0.9638962786747968
qst_0019,test,basic,1,True,3.784189633918261,4.4832305908203125,0.41557480121630913,0.739512175321579,0.1980096399784088,0.7,0.994618742467641
qst_0020,train,basic,1,True,3.258096538021482,4.306094665527343,0.1103648272871327,0.5662175416946411,0.012342572212219238,1.0,0.8336234040473715
qst_0021,test,basic,1,True,3.1354942159291497,4.1501548073508525,0.05084939652319818,0.7083854079246521,0.04462993144989014,0.7,0.6987903239055677
qst_0022,train,basic,1,True,3.1354942159291497,4.018703113902699,0.009899063432084933,0.6400474905967712,0.025275230407714844,0.5,0.5438291427832085
qst_0023,train,basic,1,True,3.044522437723423,4.581847381591797,0.007437908363956554,0.5514873564243317,0.016368836164474487,0.2,0.45876929595119287
qst_0024,test,basic,1,True,3.367295829986474,4.985292162214007,0.17920216011038853,0.48605626821517944,0.004095315933227539,0.1,0.7766076004940917
qst_0025,test,basic,0,False,3.4011973816621555,2.959418461240571,0.0002789578816269165,0.6534952521324158,0.022500813007354736,0.1,0.4097917044758329
qst_0026,train,basic,1,True,3.4339872044851463,3.79646733601888,0.026682914088708057,0.6015242040157318,0.030850201845169067,0.6,0.6449539144090575
qst_0027,train,basic,1,True,3.2188758248682006,3.8133646647135415,0.018678441668956356,0.6710088849067688,0.006384015083312988,0.2,0.4179819160442639
qst_0028,test,basic,1,True,3.1780538303479458,4.2795247616975205,0.036668411969496086,0.8032180815935135,0.30393172800540924,0.7,0.9394190589002583
qst_0029,test,basic,1,True,3.258096538021482,4.329709167480469,0.2963449538402961,0.7241208553314209,0.1638004183769226,0.2,0.9688030880239792
qst_0030,test,basic,0,True,3.367295829986474,3.684909003121512,0.001890018800363067,0.5615279674530029,0.04606503248214722,0.4,0.5906530610631429
qst_0031,train,basic,0,False,3.1354942159291497,3.6151643232865767,0.006064867530070611,0.5643565952777863,0.0013810396194458008,0.0,0.36876514647953834
qst_0032,train,basic,0,False,3.044522437723423,3.2424285888671873,0.013266615151923003,0.6936318278312683,0.019459784030914307,0.0,0.3797856929453482
qst_0033,train,basic,1,True,3.2188758248682006,2.789859135945638,0.04695203060845215,0.6689025163650513,0.004298955202102661,0.1,0.4609106612129207
qst_0034,train,basic,1,True,3.091042453358316,7.734116327194941,0.4304450511850482,0.5444561243057251,0.1511884331703186,0.1,0.9864274603119103
qst_0035,test,basic,1,True,2.833213344056216,3.8460466861724854,0.006360355203416126,0.5962295234203339,0.009295940399169922,0.0,0.3712896240967165
qst_0036,test,basic,1,True,3.258096538021482,3.1171710205078127,0.012600708846165971,0.6400318145751953,0.020963847637176514,0.1,0.43511043189791976
qst_0037,train,basic,1,True,3.091042453358316,3.9021319434756325,0.0007231395821394672,0.594971626996994,0.041922807693481445,0.4,0.5572315067722752
qst_0038,train,basic,1,True,3.044522437723423,4.072686386108399,0.14989392863803136,0.6263687014579773,0.020728588104248047,0.1,0.7188448023554318
qst_0039,train,basic,0,False,3.295836866004329,4.072234520545373,0.006616680312104625,0.593801885843277,0.10691502690315247,0.3,0.6953665115563725
qst_0040,test,basic,1,True,3.258096538021482,3.2159454345703127,0.04822172307674789,0.6194965243339539,0.025268733501434326,0.0,0.505842117716012
qst_0041,test,basic,1,True,3.367295829986474,2.944365910121373,0.004913903276645009,0.5385504961013794,0.011076956987380981,0.2,0.4685467319608643
qst_0042,test,basic,1,True,3.367295829986474,3.5382466997419084,0.05653801624621826,0.3947497010231018,0.006609857082366943,0.0,0.5682265755566911
qst_0043,test,basic,0,False,3.258096538021482,3.5185641479492187,0.02415133667330724,0.6687723398208618,0.01397445797920227,0.1,0.4258881239014992
qst_0044,train,basic,1,True,3.091042453358316,3.319990975516183,0.03139068854597374,0.5960927903652191,0.024899154901504517,0.5,0.6163848053140374
qst_0045,train,basic,1,True,2.995732273553991,3.599820990311472,0.12462934524827385,0.5583513379096985,0.04753941297531128,0.3,0.7950232147833697
qst_0046,train,basic,1,True,3.091042453358316,3.0087957836332775,0.01449676103947398,0.6651802659034729,0.020052820444107056,0.0,0.3984035068712876
qst_0047,test,basic,1,True,3.091042453358316,3.741237458728609,0.16469826907705828,0.4850447177886963,0.05082237720489502,0.3,0.8657362209564546
qst_0048,train,basic,0,False,2.9444389791664403,3.9613355000813804,0.01365306068513218,0.47970151901245117,0.02601766586303711,0.1,0.5051990443095812
qst_0049,test,basic,1,True,3.332204510175204,3.8878657023111978,0.11714784112350524,0.5394957959651947,0.005269825458526611,0.0,0.6351174114291961
qst_0050,test,basic,0,False,3.091042453358316,4.2338104248046875,0.002703195763992183,0.5428589582443237,0.0009293854236602783,0.5,0.5033217867603607
qst_0051,test,basic,0,False,3.2188758248682006,3.229519844055176,0.004254866356976653,0.6481773257255554,0.004142791032791138,0.0,0.3431229822891488
qst_0052,train,basic,0,False,2.995732273553991,3.289871617367393,0.004832972476107931,0.5902151763439178,0.02150428295135498,0.2,0.4642735993882644
qst_0053,train,basic,1,True,3.295836866004329,3.754231966458834,0.028285105560115875,0.6250343024730682,0.07767727971076965,0.8,0.7809034250279543
qst_0054,train,basic,1,True,3.295836866004329,3.4512173579289365,0.02559843051456781,0.6018160283565521,0.008374214172363281,0.0,0.41599453720213936
qst_0055,train,basic,1,True,3.2188758248682006,3.041042963663737,0.0021941621279881218,0.7252483367919922,0.025794237852096558,0.2,0.41771516684412785
qst_0056,train,basic,1,True,3.367295829986474,4.414673941476004,0.07324593054503897,0.6682654023170471,0.10370248556137085,0.5,0.8138015197987252
qst_0057,train,basic,1,True,3.58351893845611,3.926309640066964,0.22383353475433965,0.6336964070796967,0.07935282588005066,0.3,0.9180321848773457
qst_0058,train,basic,0,False,3.1354942159291497,3.1109882701526987,0.023563795230657346,0.6944320797920227,0.030825108289718628,0.2,0.4896270555622442
qst_0059,test,basic,1,True,3.6109179126442243,3.090450922648112,0.12115869506466519,0.5551555156707764,0.012725770473480225,0.0,0.665129744509521
qst_0060,test,basic,1,True,3.332204510175204,5.489320543077257,0.45118637021644464,0.2794848084449768,0.002155303955078125,0.0,0.9736040115719441
qst_0061,test,basic,1,True,3.1780538303479458,4.205646349036175,0.2576778924007008,0.25038546323776245,0.058578431606292725,0.0,0.9366456973599923
qst_0062,test,basic,1,True,3.1780538303479458,3.9303300277046533,0.019694152715010127,0.6512670814990997,0.004743725061416626,0.5,0.5095224412178372
qst_0063,train,basic,0,False,2.833213344056216,3.4290266036987305,0.06607188796291018,0.6223444938659668,0.03549805283546448,0.4,0.6695797919260632
qst_0064,test,basic,0,False,2.833213344056216,3.8669168949127197,0.009561795484007207,0.6571539044380188,0.01415988802909851,0.5,0.5050228722254437
qst_0065,test,basic,1,True,3.295836866004329,3.6815103384164662,0.05669308334148991,0.7392124831676483,0.12761974334716797,0.6,0.8275465003324182
qst_0066,test,basic,1,True,3.332204510175204,3.252176638002749,0.023182006922940646,0.5758777260780334,0.0037202835083007812,0.0,0.4128773067961799
qst_0067,test,basic,1,True,2.995732273553991,3.174810710706209,0.19779206766326266,0.35096657276153564,0.0146254301071167,0.0,0.837274799508202
qst_0068,test,basic,1,True,3.1354942159291497,3.520185643976385,0.03846483870996343,0.6233142018318176,0.04185515642166138,0.1,0.5489460224289705
qst_0069,test,basic,1,True,3.295836866004329,3.1413536071777344,0.04688673334808611,0.6482073068618774,0.010067671537399292,0.0,0.45215398559380565
qst_0070,train,basic,1,True,3.4011973816621555,3.640032538052263,0.05971198208973001,0.510399729013443,0.013305872678756714,0.0,0.5445864498532198
qst_0071,test,basic,1,True,3.2188758248682006,4.360613187154134,0.24245414714539731,0.5783717930316925,0.006777912378311157,0.0,0.8267507343954691
qst_0072,train,basic,0,False,3.044522437723423,3.4822731018066406,0.025815872584643598,0.5639858543872833,0.0119704008102417,0.1,0.4676393555201936
qst_0073,test,basic,1,True,3.332204510175204,4.7240447998046875,0.2107049652084294,0.684548020362854,0.009214162826538086,0.9,0.8865817095839648
qst_0074,train,basic,1,True,3.1780538303479458,3.2228692096212637,0.08971430371140247,0.634186863899231,0.11404657363891602,0.3,0.8319153955571557
qst_0075,test,basic,1,True,3.091042453358316,3.4861766270228793,0.09570233383699417,0.6037773489952087,0.0038157105445861816,1.0,0.7942363816464394
qst_0076,test,basic,1,True,3.4011973816621555,3.753981754697602,0.1888683434933176,0.7605105340480804,0.23099049925804138,0.5,0.9689985669599941
qst_0077,train,basic,0,False,2.8903717578961645,3.8517734303193936,0.0019160829090065102,0.6098306179046631,0.01687723398208618,0.6,0.5442800359594409
qst_0078,train,basic,1,True,3.4011973816621555,4.5884857177734375,0.11809677730445511,0.3537541627883911,0.026458740234375,0.0,0.7380339385165764
qst_0079,train,basic,0,False,3.295836866004329,3.4827035757211537,0.010930346675869656,0.5704203546047211,0.0020232200622558594,0.0,0.38119806895118435
qst_0080,train,basic,1,True,3.6109179126442243,3.698552449544271,0.18098270910545292,0.7741873860359192,0.11602529883384705,0.1,0.8678672748240086
qst_0081,train,basic,0,False,3.1780538303479458,4.081271627674932,0.014403391519413377,0.5454145669937134,0.005775034427642822,0.1,0.428553114262448
qst_0082,train,basic,0,False,3.044522437723423,3.1671783447265627,0.0576202447242829,0.659974068403244,0.006132781505584717,0.1,0.48700523369948673
qst_0083,test,basic,1,True,3.5553480614894135,3.4853430355296418,0.2137720549179932,0.7158812284469604,0.04636549949645996,0.5,0.8870854211901787
qst_0084,test,basic,1,True,3.2188758248682006,3.132530848185221,0.06732899740107914,0.6313197910785675,0.09789195656776428,0.1,0.7368374497004935
qst_0085,test,basic,1,True,2.995732273553991,3.9264197098581413,0.09526059419751837,0.673473596572876,0.07388812303543091,0.2,0.7359410916949963
qst_0086,test,basic,1,True,3.58351893845611,4.990965488978794,0.4878561700799182,0.4271811842918396,0.025018513202667236,0.1,0.9823285577052061
qst_0087,test,basic,0,False,2.995732273553991,2.9045793633711967,0.01448267266968564,0.5402400195598602,0.061025410890579224,0.6,0.7112356231606454
qst_0088,train,basic,1,True,2.995732273553991,6.146907605622944,0.4143791029850807,0.45659929513931274,0.028659343719482422,0.0,0.9619709702256943
qst_0089,train,basic,1,True,2.995732273553991,3.665651421797903,0.11426470077570805,0.560645580291748,0.002613842487335205,0.4,0.7123799049411723
qst_0090,train,basic,0,False,2.639057329615259,3.5195972736065206,0.00947680559584077,0.5738136172294617,0.039286673069000244,0.0,0.46432248621864314
qst_0091,test,basic,1,True,2.995732273553991,3.8695317318564966,0.0009187927888775224,0.6350806653499603,0.06987869739532471,0.5,0.6359849283225412
qst_0092,test,basic,0,False,3.091042453358316,4.075358436221168,0.08910411462545977,0.6263859272003174,0.01739361882209778,0.0,0.5625054061940908
qst_0093,test,basic,0,False,3.1354942159291497,2.8109500191428443,0.00029911380518469273,0.5774382948875427,0.02292501926422119,0.1,0.44201839226044604
qst_0094,test,basic,1,True,3.1780538303479458,3.786172286323879,0.1073018441288848,0.6589212417602539,0.07849401235580444,0.0,0.7304031259461085
qst_0095,train,basic,1,True,2.995732273553991,3.5102314196134867,0.03487143561805804,0.550872266292572,0.03744041919708252,0.2,0.5866423983573186
qst_0096,test,basic,1,True,3.367295829986474,4.198570251464844,0.3206115718140649,0.6654169857501984,0.18032315373420715,0.3,0.9827433906660463
qst_0097,train,basic,1,True,3.295836866004329,3.956419724684495,0.09356268039420389,0.679804265499115,0.06296196579933167,1.0,0.8589114238839289
qst_0098,train,basic,1,True,3.4657359027997265,3.755553214780746,0.1774823122156396,0.6563070714473724,0.0748736560344696,0.3,0.8745084275379895
qst_0099,train,basic,1,True,3.1780538303479458,3.8529145613960596,0.1361197712103748,0.5831035673618317,0.06333136558532715,0.2,0.8129788281943654
qst_0100,test,basic,1,True,3.258096538021482,3.5504495239257814,0.0020768235618821994,0.6431537866592407,0.014697462320327759,0.0,0.36226700530456163
qst_0101,train,basic,1,True,3.367295829986474,2.5535580771309987,0.01805134854788388,0.5440415143966675,0.0009422898292541504,0.0,0.4177838011705968
qst_0102,train,basic,1,True,3.1780538303479458,4.255123304284138,0.08662348990269754,0.4529375433921814,0.0028606057167053223,0.1,0.6189973308686315
qst_0103,train,basic,1,True,2.8903717578961645,4.362815856933594,0.002390001945206886,0.5601637959480286,0.01790773868560791,0.6,0.5622084955368777
qst_0104,train,basic,1,True,3.332204510175204,4.227108708134404,0.009671111355920227,0.5542400479316711,0.10478919744491577,0.8,0.8108039646410952
qst_0105,train,basic,1,True,2.995732273553991,3.986583107396176,0.02439741746095586,0.6371929049491882,0.01002684235572815,0.8,0.6196379318245444
qst_0106,test,basic,1,True,2.995732273553991,4.255746540270354,0.14063335181100875,0.5708439648151398,0.02125486731529236,0.3,0.7643216320080725
qst_0107,test,basic,0,False,2.995732273553991,2.4691802576968542,0.007461091277803052,0.48034214973449707,0.007903635501861572,0.0,0.4359709296332124
qst_0108,train,basic,0,False,3.367295829986474,3.4128548758370534,0.0014446838190302583,0.5400086045265198,0.018917620182037354,0.2,0.47464027210642395
qst_0109,test,basic,1,True,3.091042453358316,3.317009698776972,0.01569115987552832,0.4832710027694702,0.0038921236991882324,0.0,0.4334072036587308
qst_0110,train,basic,0,False,3.1354942159291497,3.615005146373402,0.000751042936651749,0.7351627349853516,0.00869247317314148,0.0,0.3104162512565804
qst_0111,test,basic,1,True,3.1780538303479458,3.9486316183338994,0.039035125522460704,0.5456722676753998,0.05053099989891052,0.3,0.6545592980388711
qst_0112,test,basic,0,False,3.044522437723423,4.503196716308594,0.03757274546246207,0.6163171529769897,0.018657296895980835,0.0,0.4477980700931148
qst_0113,test,basic,1,True,3.1354942159291497,3.6127614107998935,0.021082386603339835,0.7323920130729675,0.09476912021636963,0.4,0.6728249409949141
qst_0114,train,basic,1,True,3.332204510175204,3.1803707546657987,0.006047362834839932,0.7458587288856506,0.0350489616394043,0.4,0.4979733078626526
qst_0115,test,basic,1,True,3.6635616461296463,2.5050458406147205,0.003386398558881113,0.6822605729103088,0.02264454960823059,0.5,0.528572738277154
qst_0116,train,basic,0,False,2.8903717578961645,3.3541605332318474,0.005355092127574369,0.7008202075958252,0.015408992767333984,0.0,0.3492635446432402
qst_0117,train,basic,1,True,3.1780538303479458,4.168348561162534,0.07888828523833538,0.5705121159553528,0.0558931827545166,0.3,0.7318980241810547
qst_0118,test,basic,1,True,3.2188758248682006,3.2016728719075522,0.17785549692640448,0.6448453962802887,0.009232193231582642,0.2,0.7662511606991019
qst_0119,train,basic,1,True,3.332204510175204,3.595000655562789,0.10940548976750335,0.6090643405914307,0.0320264995098114,0.5,0.7742820972352454
qst_0120,train,basic,0,False,3.1354942159291497,2.4065400903875176,0.03576164170110919,0.5144959688186646,0.008096635341644287,0.0,0.48649848324892864
qst_0121,train,basic,0,False,2.833213344056216,3.6859567165374756,0.0021071766840191635,0.6066628992557526,0.012657195329666138,0.0,0.36816310396835233
qst_0122,test,basic,1,True,3.332204510175204,2.3747165821216725,0.21817972393823934,0.6359966993331909,0.002998530864715576,0.2,0.8173715091079983
qst_0123,test,basic,1,True,3.1780538303479458,3.82726354184358,0.1955334440468845,0.4904630780220032,0.01480478048324585,0.1,0.8231620172437722
qst_0124,test,basic,1,True,3.258096538021482,3.4340634155273437,0.08734264608821017,0.5860695838928223,0.024746477603912354,0.1,0.6318818254794142
qst_0125,train,basic,1,True,3.258096538021482,3.695683898925781,0.008251516079622349,0.5294350683689117,0.005336880683898926,0.1,0.4262244315153223
qst_0126,train,basic,1,True,3.1780538303479458,4.7634400077488115,0.1245153509372093,0.6562995612621307,0.0038476288318634033,0.9,0.7925446016256456
qst_0127,train,basic,1,True,3.1354942159291497,3.765758514404297,0.030380110068431544,0.5699015855789185,0.020192354917526245,0.4,0.581210241332561
qst_0128,test,basic,1,True,2.8903717578961645,3.349977829877068,0.033869779105127056,0.5430391728878021,0.06574282050132751,0.1,0.6283019373886487
qst_0129,test,basic,1,True,3.332204510175204,4.657347785101996,0.4745511386205623,0.7424530684947968,0.3495531976222992,0.2,0.9981302066910618
qst_0130,test,basic,1,True,3.1354942159291497,3.040247830477628,0.09560045215990765,0.538335382938385,0.018231838941574097,0.1,0.6540037718565498
qst_0131,test,basic,1,True,3.4339872044851463,4.142782592773438,0.04971766873639203,0.6369683146476746,0.1327187418937683,0.2,0.7800235495962388
qst_0132,train,basic,1,True,3.7376696182833684,3.0793417953863376,0.10578034455034026,0.5799090564250946,0.010606974363327026,0.8,0.8006720701367686
qst_0133,test,basic,1,True,3.1354942159291497,4.069805492054332,0.04580565195243952,0.5643202662467957,0.0191897451877594,0.2,0.5547597918993963
qst_0134,test,basic,0,False,3.044522437723423,3.1578540802001953,0.021991694979237447,0.7803515791893005,0.02994336187839508,0.4,0.5025569181156222
qst_0135,train,basic,1,True,3.6109179126442243,3.268977059258355,0.05395077293186132,0.5892723500728607,0.00012496113777160645,0.1,0.4991972601623823
qst_0136,train,basic,1,True,3.258096538021482,4.139568481445313,0.22103627856695157,0.7034914195537567,0.03380224108695984,1.0,0.9228399239976791
qst_0137,train,basic,1,True,3.1780538303479458,2.876939856487772,0.00102398436339788,0.5597452521324158,0.008349388837814331,0.2,0.44216117219027784
qst_0138,test,basic,0,False,3.332204510175204,3.1005237720630787,0.0013070763667250547,0.5728819668292999,0.0024378597736358643,0.0,0.36598515129769443
qst_0139,train,basic,0,False,3.044522437723423,3.4451221466064452,0.003987518354465491,0.49482858180999756,0.020493686199188232,0.1,0.4706703521236145
qst_0140,train,basic,0,False,3.1780538303479458,3.4322605962338657,0.06447255434743215,0.5703338980674744,0.013208925724029541,0.0,0.5292120611713201
qst_0141,train,basic,1,True,3.4339872044851463,3.8983172098795573,0.1445006777109269,0.6388691365718842,0.03722521662712097,0.2,0.7665623766939335
qst_0142,test,basic,1,True,3.2188758248682006,3.6144727071126304,0.003456331439133422,0.6381112635135651,0.019047677516937256,0.3,0.46146998438635173
qst_0143,train,basic,1,True,3.258096538021482,3.1380770874023436,0.051741195121858714,0.5693249702453613,0.011793255805969238,0.1,0.5305673495720172
qst_0144,test,basic,0,False,2.8903717578961645,3.3445111443014706,0.014425709040942954,0.6699052453041077,0.03007221221923828,0.1,0.4440314488536638
qst_0145,train,basic,0,True,3.1780538303479458,3.0536041259765625,0.01019372410126656,0.5983119606971741,0.0210726261138916,0.0,0.41943473350862825
qst_0146,train,basic,1,True,3.367295829986474,2.822742462158203,0.03483543140553945,0.6453680694103241,0.012290775775909424,0.4,0.5525263435903999
qst_0147,train,basic,0,False,2.9444389791664403,3.0114532046847873,0.021282677844102024,0.5529129505157471,0.005500733852386475,0.1,0.4504075912546172
qst_0148,test,basic,0,True,3.295836866004329,4.412032494178185,0.027441063042070304,0.588377833366394,0.041730642318725586,0.6,0.6680388131102861
qst_0149,test,basic,1,True,3.1354942159291497,3.430400154807351,0.04979272323965383,0.5615886747837067,0.021115034818649292,0.1,0.5486290315156643
qst_0150,test,basic,1,True,3.1354942159291497,3.2469506697221235,0.023407069745286026,0.604496419429779,0.022929728031158447,0.5,0.5922300203733387
qst_0151,test,basic,1,True,3.1354942159291497,3.3013260581276636,0.15688379752577064,0.6699351668357849,0.13432711362838745,0.6,0.9325909923911874
qst_0152,test,basic,1,True,3.5263605246161616,4.765598643909801,0.2006165912919251,0.7446082532405853,0.1432648003101349,0.3,0.9259395872447524
qst_0153,test,basic,1,True,3.332204510175204,3.603035538284867,0.1285328667115627,0.45908159017562866,0.011830568313598633,0.5,0.8078736865973186
qst_0154,test,basic,1,True,3.295836866004329,3.1703890286959133,0.23022940908602887,0.5798449516296387,0.015554308891296387,0.1,0.8469018703341423
qst_0155,train,basic,1,True,3.2188758248682006,3.844597498575846,0.011848545790006961,0.585454523563385,0.04149314761161804,0.1,0.5009541809911039
qst_0156,train,basic,1,True,3.295836866004329,3.491968008188101,0.08326168175607428,0.5476770997047424,0.04856306314468384,0.4,0.7620047237611366
qst_0157,test,basic,1,True,3.295836866004329,5.332592303936298,0.23417452860297966,0.527773529291153,0.012594521045684814,0.5,0.8948384734579823
qst_0158,test,basic,1,True,2.8903717578961645,3.6863250732421875,0.0728887340305368,0.6230690479278564,0.02531677484512329,0.3,0.6326190083689212
qst_0159,train,basic,1,True,3.295836866004329,3.117982130784255,0.05501076448349113,0.629790872335434,0.036979347467422485,0.1,0.5775271717715397
qst_0160,test,basic,1,True,3.295836866004329,4.898314255934495,0.30325143229176027,0.7753181308507919,0.07378406822681427,0.9,0.9607965109139377
qst_0161,test,basic,1,True,3.091042453358316,4.165011451357887,0.13089463204028107,0.7140107750892639,0.06661048531532288,1.0,0.886033584617435
qst_0162,test,basic,1,True,3.258096538021482,4.014625549316406,0.2195407493277335,0.6756290793418884,0.11413368582725525,0.1,0.9147520104005156
qst_0163,train,basic,1,True,3.1780538303479458,3.3526740696119224,0.004106693087543196,0.5728967785835266,0.006935477256774902,0.2,0.43384395798000325
qst_0164,test,basic,1,True,3.1780538303479458,3.9190862904424253,0.004185041732344046,0.6166705191135406,0.0723913311958313,0.7,0.7077669803599935
qst_0165,test,basic,1,True,2.9444389791664403,4.132821824815538,0.013674613226946172,0.5422533452510834,0.02391260862350464,0.6,0.6125329185574608
qst_0166,train,basic,1,True,3.044522437723423,2.8136383056640626,0.006475786167273879,0.5384207367897034,0.003423035144805908,0.2,0.4502560648066162
qst_0167,train,basic,1,True,3.1780538303479458,3.5961788011633833,0.04714856471241948,0.5727724432945251,0.058096349239349365,1.0,0.8243920427075715
qst_0168,train,basic,1,True,3.2188758248682006,3.4494508107503257,0.011878499320894211,0.6085562407970428,0.028676480054855347,0.3,0.5207642360420597
qst_0169,test,basic,1,True,2.8903717578961645,3.824593936695772,0.028191038965732666,0.5593429207801819,0.015929698944091797,0.3,0.5368136654607928
qst_0170,test,basic,0,False,3.332204510175204,3.1295909175166376,0.003666849744303774,0.5495396852493286,0.010112464427947998,0.1,0.4271769630262214
qst_0171,test,basic,1,True,3.5263605246161616,4.372535011985085,0.25822110016370875,0.5862742066383362,0.01892244815826416,0.2,0.8851293834047111
qst_0172,test,basic,1,True,3.332204510175204,5.051371821650752,0.09906960649280659,0.6710825562477112,0.10304185748100281,0.3,0.8047725431699043
qst_0173,test,basic,0,False,3.1354942159291497,3.133275118741122,0.017903695624888905,0.6544641256332397,0.0011911094188690186,0.1,0.38960021275907686
qst_0174,train,basic,1,True,2.772588722239781,4.0091087341308596,0.07018008929835008,0.5338215231895447,0.03585255146026611,0.0,0.6012391027167304
qst_0175,test,basic,1,True,3.2188758248682006,3.938479741414388,0.06741464024125167,0.3142296075820923,0.00320589542388916,0.0,0.6059883656602479
qst_0176,train,semantic,1,True,3.091042453358316,3.2638426281156994,0.03319443093241743,0.5719560980796814,0.044047921895980835,0.2,0.5950967060299068
qst_0177,train,semantic,1,True,3.332204510175204,3.42365801775897,0.009227448293325247,0.6193314790725708,0.01395559310913086,0.5,0.5317132891951412
qst_0178,train,semantic,0,False,3.4339872044851463,3.348046366373698,0.0012106292917598363,0.4663010835647583,0.006803154945373535,0.1,0.4486170001986307
qst_0179,train,semantic,1,True,3.6888794541139363,3.022084749661959,0.03214706171552539,0.620561957359314,0.014804422855377197,0.0,0.44994014102142627
qst_0180,train,semantic,1,True,3.4965075614664802,3.2432005405426025,0.004488358387055061,0.6039146184921265,0.040644943714141846,0.3,0.5429348022800095
qst_0181,train,semantic,1,True,3.58351893845611,2.5003276279994417,0.04116656726504958,0.5674212574958801,0.027101457118988037,0.2,0.5863018191960788
qst_0182,test,semantic,0,False,3.295836866004329,3.30825189443735,0.01606514187963047,0.4675217270851135,0.015496551990509033,0.0,0.4729809728243651
qst_0183,train,semantic,0,True,3.6635616461296463,2.96925855937757,0.020111307704941742,0.48716068267822266,0.014897525310516357,0.6,0.6467254573864997
qst_0184,train,semantic,0,False,3.4011973816621555,3.3221164571827857,0.005940927917190022,0.628551721572876,0.06294649839401245,0.0,0.5045952460741312
qst_0185,train,semantic,1,True,3.4965075614664802,2.732088088989258,0.022610724929681005,0.5275694727897644,0.009423941373825073,0.0,0.45576797109517647
qst_0186,test,semantic,0,True,3.5263605246161616,3.1962240970495976,0.01310334107276661,0.620847225189209,0.04488557577133179,0.1,0.509146993379368
qst_0187,train,semantic,0,False,3.4339872044851463,2.6375518798828126,0.029641290039914087,0.5805348753929138,0.037198662757873535,0.3,0.6058674439124386
qst_0188,test,semantic,1,True,3.5263605246161616,2.647036003343987,0.006549061935506636,0.6329041719436646,0.07067835330963135,0.1,0.5620360208777977
qst_0189,test,semantic,1,True,3.6888794541139363,3.2320550771859975,0.03585387532536863,0.5837192833423615,0.011522024869918823,0.6,0.63261561636079
qst_0190,test,semantic,0,False,3.4657359027997265,3.301263624621976,0.01604944161982436,0.5781963467597961,0.012743651866912842,0.0,0.4201777542125483
qst_0191,train,semantic,0,False,3.784189633918261,2.713607965513717,0.024737554967894596,0.5136239230632782,0.0065219104290008545,0.0,0.4634509695254335
qst_0192,train,semantic,1,True,3.6375861597263857,2.913437302048142,0.005549008039525544,0.677052766084671,0.04439884424209595,0.3,0.529104106895627
qst_0193,test,semantic,1,True,3.2188758248682006,3.4690774281819663,0.0039039569590646707,0.5348280072212219,0.004654347896575928,0.1,0.4148421989529416
qst_0194,train,semantic,1,True,3.8066624897703196,3.3316626115278765,0.1636426449566775,0.6160816848278046,0.10348519682884216,0.2,0.8888527402408225
qst_0195,train,semantic,1,True,3.7376696182833684,3.656423056997904,0.08075985058507006,0.6002533733844757,0.015141218900680542,0.2,0.6173758756110121
qst_0196,test,semantic,0,True,3.4965075614664802,3.2625911235809326,0.02878737157087842,0.5402770638465881,0.0086916983127594,0.0,0.4554879777358415
qst_0197,train,semantic,0,False,3.367295829986474,3.5243028913225447,0.007222530447846678,0.5576711297035217,0.015548646450042725,0.4,0.5281887141352835
qst_0198,train,semantic,1,True,3.7376696182833684,3.4440199689167303,0.11580204406765118,0.6142551898956299,0.026348471641540527,0.3,0.7329251087154548
qst_0199,train,semantic,0,False,3.4965075614664802,3.7632734775543213,0.03979045524502713,0.49147361516952515,0.0005988478660583496,0.0,0.4746012466509742
qst_0200,test,semantic,0,False,3.828641396489095,2.274524434407552,0.0004804821458693406,0.591080904006958,0.026851952075958252,0.0,0.4355875022755633
qst_0201,test,semantic,0,True,3.713572066704308,2.5279747009277345,0.019982770312787182,0.6155243217945099,0.019430547952651978,0.0,0.4437616095467912
qst_0202,train,semantic,1,True,3.6888794541139363,3.2683473244691505,0.0924492630825914,0.4930090308189392,0.0032466650009155273,0.0,0.6052036600683397
qst_0203,test,semantic,0,False,3.970291913552122,2.9669500497671275,0.01885612342851627,0.5377669930458069,0.009352028369903564,0.0,0.4472353392271707
qst_0204,train,semantic,0,False,3.6635616461296463,3.3350400422748767,0.0023164232469730516,0.5713533759117126,0.0027036070823669434,0.0,0.37174306853734324
qst_0205,train,semantic,0,False,3.713572066704308,3.7207363128662108,0.0012767479620783401,0.6356592178344727,0.0035170912742614746,0.0,0.34264328010732703
qst_0206,train,semantic,1,True,3.5553480614894135,2.963590285357307,0.0360494358861599,0.5692970454692841,0.031671762466430664,0.1,0.5520126853263109
qst_0207,train,semantic,0,False,3.1780538303479458,3.7125144626783286,0.010026488672129996,0.5909101963043213,0.013520151376724243,0.1,0.4231345091482202
qst_0208,test,semantic,1,True,3.5553480614894135,2.7056211583754597,0.011763505746649791,0.5679346323013306,0.0027033090591430664,0.0,0.3990837071783171
qst_0209,test,semantic,0,False,3.7376696182833684,2.375744517256574,0.013129333538129966,0.5292482376098633,0.022444069385528564,0.4,0.5871706816232717
qst_0210,test,semantic,1,True,3.6635616461296463,3.100057501541941,0.04234371429859316,0.5370496213436127,0.0002098381519317627,0.2,0.5271889739905767
qst_0211,train,semantic,1,True,3.784189633918261,4.1389550497365555,0.01574387500992389,0.6667675673961639,0.025217205286026,0.6,0.5785616629919106
qst_0212,test,semantic,0,False,3.7376696182833684,3.1117317385789827,0.0005408347908185102,0.5799417197704315,0.004716545343399048,0.0,0.37343866608474124
qst_0213,test,semantic,0,False,3.4011973816621555,3.358271105536099,0.01625692396540438,0.5490026473999023,0.004799932241439819,0.0,0.4115860589618563
qst_0214,train,semantic,1,True,3.713572066704308,2.907265281677246,0.03389981514118177,0.5848286747932434,0.01615077257156372,0.1,0.5029857885622874
qst_0215,test,semantic,1,True,3.6635616461296463,3.758120486610814,0.16423491652992814,0.6445967555046082,0.10682487487792969,0.3,0.8969200844237185
qst_0216,test,semantic,0,False,3.332204510175204,3.3428291038230613,0.004296503364092481,0.5411255955696106,0.012155383825302124,0.2,0.4634998036131048
qst_0217,train,semantic,1,True,3.7612001156935624,2.6525401160830544,0.2004887998100573,0.6135146021842957,0.010792344808578491,0.1,0.7986695679963346
qst_0218,test,semantic,1,True,3.4965075614664802,3.8823699951171875,0.00690119775188162,0.5834280848503113,0.016419917345046997,0.0,0.4009092369351689
qst_0219,train,semantic,1,True,3.4657359027997265,3.5544635403540825,0.01870354458093101,0.5248638391494751,0.007676512002944946,0.5,0.5769955027377862
qst_0220,train,semantic,0,True,3.6375861597263857,2.6170017139331714,0.058386430876725424,0.6424314975738525,0.009204775094985962,0.1,0.5182296911049736
qst_0221,test,semantic,0,False,3.4339872044851463,2.9889991760253904,0.022920181128189263,0.6738946735858917,0.009949326515197754,0.0,0.39178508553773383
qst_0222,test,semantic,0,False,3.6635616461296463,3.0353457802220394,0.08926016334159179,0.599360466003418,0.05364331603050232,0.9,0.8546587839434862
qst_0223,test,semantic,1,True,3.912023005428146,3.7097647530691966,0.2016498903637814,0.6911616623401642,0.1432255208492279,0.1,0.9221240799080253
qst_0224,test,semantic,0,False,3.332204510175204,2.671528003833912,0.06297012561786125,0.4010305404663086,0.004367709159851074,0.0,0.5824333226746778
qst_0225,train,semantic,1,True,3.7376696182833684,2.710710478991997,0.1823871363858656,0.620119035243988,2.7418136596679688e-05,0.1,0.7506695311857566
qst_0226,test,semantic,1,True,3.4965075614664802,3.343740224838257,0.006185246661541885,0.5381439030170441,0.01592525839805603,0.1,0.4521527106003132
qst_0227,test,semantic,0,False,3.6109179126442243,2.5248779720730252,0.007856138085788923,0.6020017564296722,0.016022533178329468,0.0,0.4126963940123635
qst_0228,train,semantic,1,True,3.713572066704308,3.372377395629883,0.2508281502655115,0.6640118956565857,0.10372725129127502,0.1,0.9312648564261715
qst_0229,train,semantic,1,True,3.713572066704308,2.4329864501953127,0.022589703113613073,0.5885663032531738,0.055687904357910156,0.3,0.6364484777204439
qst_0230,train,semantic,1,True,3.8712010109078907,3.6287435978016953,0.03015318557992962,0.6879164278507233,0.0005975961685180664,1.0,0.6519889513760773
qst_0231,train,semantic,0,False,3.4965075614664802,3.1665947437286377,0.06613449929191838,0.6195971071720123,0.0034575462341308594,0.1,0.5223347857103363
qst_0232,train,semantic,1,True,3.713572066704308,3.300912857055664,0.025062101698284267,0.670025110244751,0.0026178359985351562,0.7,0.5782829430578639
qst_0233,test,semantic,0,False,3.367295829986474,4.0255230494907925,0.02818793136521884,0.6107854247093201,0.022300362586975098,0.3,0.5352021106037725
qst_0234,test,semantic,0,False,3.4657359027997265,3.278620073872228,0.007079226716762021,0.6731154024600983,0.0494026243686676,0.0,0.4543284945682396
qst_0235,train,semantic,0,False,3.367295829986474,3.2572615487234935,0.01354394044872255,0.5600875318050385,0.004449367523193359,0.1,0.4289096623435999
qst_0236,train,semantic,1,True,3.6109179126442243,2.9777715471055775,0.03324323464515306,0.5539056658744812,4.9114227294921875e-05,0.1,0.4711305580366131
qst_0237,train,semantic,1,True,3.5553480614894135,3.644571640912224,0.10390729032984186,0.6301531791687012,0.003920257091522217,0.0,0.5700036782345272
qst_0238,train,semantic,1,True,3.8712010109078907,2.8543061601354722,0.10336624615793037,0.5623435974121094,0.08948791027069092,0.2,0.8210412089548034
qst_0239,train,semantic,0,False,3.4011973816621555,2.932279915645205,0.0008654339093262841,0.6192841827869415,0.0003794729709625244,0.0,0.3443580234158371
qst_0240,train,semantic,1,True,3.6375861597263857,2.477279456886085,0.0006902795603086506,0.598246693611145,0.013946890830993652,0.1,0.4222281084101131
qst_0241,test,semantic,0,False,3.8501476017100584,3.147551495095958,0.015551411482081215,0.6105017364025116,0.039425939321517944,0.5,0.621195785449991
qst_0242,test,semantic,0,False,3.4339872044851463,2.3022191365559896,0.016946557566178643,0.501214861869812,0.004792451858520508,0.0,0.447546294492135
qst_0243,train,semantic,0,False,3.6109179126442243,2.4930841657850475,0.00011849865099401582,0.6310024857521057,0.013600826263427734,0.1,0.40574867636528283
qst_0244,test,semantic,1,True,3.6635616461296463,2.6616022210372123,0.03520368283660732,0.5330507457256317,0.025715500116348267,0.1,0.5545645740277939
qst_0245,test,semantic,1,True,3.367295829986474,2.179112434387207,0.005031649437581257,0.5209435224533081,0.022241294384002686,0.0,0.4575323929603465
qst_0246,train,semantic,0,False,3.2188758248682006,3.2395683924357095,0.030727515923429375,0.5403703451156616,0.027375847101211548,0.1,0.5339526807114889
qst_0247,train,semantic,0,True,3.332204510175204,4.056476451732494,0.0011121758879069367,0.5679887533187866,0.0007445812225341797,0.0,0.35280824540541367
qst_0248,train,semantic,0,False,3.4657359027997265,3.8015040736044607,0.013136594413983899,0.41715753078460693,0.0023558735847473145,0.2,0.5080749489393578
qst_0249,train,semantic,0,False,3.6635616461296463,3.832093489797492,0.015003788512659584,0.6665806472301483,0.0028741657733917236,0.8,0.5791649631504673
qst_0250,train,semantic,1,True,3.4965075614664802,3.6625218391418457,0.05648380748782852,0.6443313956260681,0.008807718753814697,0.2,0.5266377695827479
qst_0251,test,semantic,0,False,3.6635616461296463,2.98308643541838,0.0018203029943667929,0.602719783782959,0.07824140787124634,0.2,0.6079355558688123
qst_0252,train,semantic,0,False,3.6375861597263857,3.1748358236776815,0.009495166133257977,0.5354337096214294,0.03132772445678711,0.3,0.5614335720465679
qst_0253,train,semantic,1,True,3.58351893845611,2.9367919921875,0.02168817997308907,0.6231753528118134,0.018364936113357544,0.1,0.4626013289211814
qst_0254,test,semantic,1,True,3.9318256327243257,2.873006591796875,0.004162936512960965,0.5515723824501038,0.011675894260406494,0.1,0.443629860073865
qst_0255,train,semantic,1,True,3.367295829986474,3.5667871747698103,0.07373328955492238,0.47101789712905884,0.00036782026290893555,0.0,0.5597923648477588
qst_0256,test,semantic,0,False,4.07753744390572,3.0667879828091325,0.0026114487346843747,0.5965694189071655,0.05625206232070923,0.0,0.5053864403648568
qst_0257,test,semantic,0,False,3.713572066704308,2.9744659423828126,0.01067357975444072,0.5857123136520386,0.0018492937088012695,0.2,0.4417330033732742
qst_0258,test,semantic,1,True,3.784189633918261,2.790986171988554,0.15562546749050524,0.6897631287574768,0.05278179049491882,0.4,0.8343364258800499
qst_0259,train,semantic,1,True,3.5553480614894135,4.848223517922794,0.019005958384615728,0.5720987021923065,0.04337027668952942,0.7,0.6819341999351279
qst_0260,train,semantic,0,False,3.332204510175204,3.631689283582899,0.013445795300390707,0.6172765791416168,0.012089014053344727,0.0,0.3904903774419012
qst_0261,train,semantic,0,False,3.6109179126442243,3.1401600307888455,0.020705151212103503,0.6337424218654633,0.04920428991317749,0.2,0.5622844782106491
qst_0262,train,semantic,0,False,3.9889840465642745,2.7313698822597288,0.01510430621928876,0.6072539687156677,0.035165369510650635,0.2,0.5337538354861798
qst_0263,train,semantic,1,True,3.6375861597263857,3.1385058841189823,0.03715420691257346,0.6772086322307587,0.033322542905807495,0.0,0.4826533321977956
qst_0264,train,semantic,1,True,3.9512437185814275,3.5111152798521754,0.0780965881905123,0.5367190539836884,0.0020952820777893066,0.5,0.6841842415467209
qst_0265,train,semantic,1,True,3.5263605246161616,2.7746551976059424,0.027783529408627824,0.5879839062690735,0.08162328600883484,0.1,0.6500486543159506
qst_0266,test,semantic,1,True,3.6635616461296463,4.223820334986637,0.02438675191919434,0.7022103369235992,0.01305854320526123,0.6,0.5499084635756849
qst_0267,train,semantic,0,False,3.5553480614894135,3.2503745135139015,0.012253466918649304,0.6482472121715546,0.014646142721176147,0.2,0.4453745919619658
qst_0268,train,semantic,0,False,3.6109179126442243,2.9489320119222007,0.010111530831868526,0.6411414742469788,0.0282021164894104,0.2,0.48327889662045526
qst_0269,test,semantic,1,True,3.6888794541139363,2.5494013077173476,0.002100130063957704,0.709320992231369,0.15008315443992615,0.1,0.7024135336045352
qst_0270,test,semantic,0,True,3.828641396489095,2.92098151312934,0.029399691792450364,0.5380508303642273,0.002171635627746582,0.1,0.4783703121717814
qst_0271,train,semantic,1,True,3.7612001156935624,3.368717011951265,0.11289495293253099,0.510192334651947,0.0043132007122039795,0.0,0.6433437960637628
qst_0272,test,semantic,0,False,2.772588722239781,3.7602495829264324,0.025371666512353015,0.4957417845726013,0.028145015239715576,0.2,0.5576293985112916
qst_0273,train,semantic,1,True,3.58351893845611,3.0067452566964286,0.01260296150999775,0.5542603731155396,0.013522684574127197,0.0,0.43034617547582893
qst_0274,train,semantic,0,False,3.4657359027997265,2.745751657793599,0.047670953566069166,0.5468010902404785,0.006376683712005615,0.0,0.4952242597209769
qst_0275,test,semantic,0,False,3.8066624897703196,2.9099422801624644,0.0309133062163876,0.5624717772006989,0.00332796573638916,0.0,0.4459823299334725
qst_0276,train,semantic,1,True,3.784189633918261,2.21103348842887,0.018797991942766244,0.6692308485507965,0.028937429189682007,0.0,0.44843302980184957
qst_0277,train,semantic,0,False,3.713572066704308,2.865739440917969,0.032620690371233343,0.6626165509223938,0.0423436164855957,0.3,0.5913467560573885
qst_0278,train,semantic,1,True,3.8712010109078907,3.4688860304812166,0.016393514733732434,0.5895186960697174,0.029639512300491333,0.4,0.5762763986770554
qst_0279,test,semantic,0,False,3.295836866004329,3.4790863623985877,0.012634737655087628,0.5402966141700745,0.025617122650146484,0.0,0.4576269722521882
qst_0280,train,semantic,1,True,3.6888794541139363,3.4515247834034457,0.0865244555341867,0.6298387050628662,0.029650777578353882,0.0,0.6001131271759139
qst_0281,train,semantic,1,True,3.4339872044851463,3.5835891723632813,0.029998340813864155,0.6617864370346069,0.04572436213493347,0.0,0.4969769771527511
qst_0282,test,semantic,0,False,3.6109179126442243,3.0296368069118924,0.017369655880612383,0.4900989532470703,0.0002548694610595703,0.0,0.4353555314487399
qst_0283,test,semantic,0,False,3.4965075614664802,2.7803616523742676,0.01689713370678432,0.6044256687164307,0.08494681119918823,0.1,0.6286341149581606
qst_0284,test,semantic,1,True,3.1354942159291497,3.9564084139737217,0.10216830478244726,0.4971346855163574,0.01487511396408081,0.6,0.778374996029622
qst_0285,train,semantic,0,False,3.5263605246161616,2.5652021928267046,0.10585487907490845,0.6313553154468536,0.009694397449493408,0.3,0.6786671147314695
qst_0286,train,semantic,1,True,3.4011973816621555,3.731091992608432,0.3463377249623102,0.6324982047080994,0.0042991042137146,0.3,0.9305283938514411
qst_0287,test,semantic,0,False,3.4339872044851463,3.029030354817708,0.017339382158730116,0.508433610200882,0.01488390564918518,0.0,0.4617342835774068
qst_0288,train,semantic,1,True,3.5263605246161616,2.950616085168087,0.006633405743252667,0.4972643256187439,0.00532376766204834,0.2,0.477643036499521
qst_0289,test,semantic,0,True,3.4965075614664802,2.353079319000244,0.04943274907721036,0.6025741994380951,0.013796001672744751,0.0,0.4996518651287924
qst_0290,train,semantic,1,True,3.6109179126442243,3.0927660200330944,0.01793647734015299,0.5998384356498718,0.02730661630630493,1.0,0.7259081425657219
qst_0291,test,semantic,0,False,3.044522437723423,3.31140022277832,0.012119041494305084,0.5138230919837952,0.032061755657196045,0.3,0.5688925289612994
qst_0292,test,semantic,1,True,3.58351893845611,2.9365674700055804,0.009528664901664707,0.5626068711280823,0.015654325485229492,0.3,0.5121016174091654
qst_0293,train,semantic,1,True,3.2188758248682006,3.1931578318277993,0.08028069432102522,0.5403650403022766,0.021144092082977295,0.0,0.6007122846405164
qst_0294,test,semantic,1,True,3.7612001156935624,3.479892912365141,0.023990945505048992,0.5214332044124603,0.0017493367195129395,0.1,0.46469230877811313
qst_0295,train,semantic,1,True,3.332204510175204,3.2290146439163774,0.006900754001250689,0.5396794676780701,0.01223146915435791,0.2,0.4715755566292272
qst_0296,train,semantic,0,False,3.1780538303479458,4.3086375360903535,0.046088477534171064,0.5103594958782196,0.01883259415626526,0.0,0.517230767071504
qst_0297,test,semantic,0,False,3.4339872044851463,3.551529947916667,0.01618288738623136,0.5779414772987366,0.002688765525817871,0.0,0.39187686364894697
qst_0298,test,semantic,0,False,3.6888794541139363,2.9658377231695714,0.0038019779044539425,0.49625182151794434,0.011212348937988281,0.1,0.4604844645784106
qst_0299,train,semantic,0,False,3.713572066704308,3.5492427825927733,0.004737897494305484,0.567250669002533,0.002901315689086914,0.3,0.46052139376164175
qst_0300,train,semantic,0,False,3.828641396489095,2.9959608289930557,0.013882601085989075,0.6045631766319275,0.03476271033287048,0.0,0.4697771967963041
qst_0301,test,intra_document_reasoning,1,True,3.258096538021482,2.7851571655273437,0.038985457907129456,0.6252274513244629,0.001539766788482666,0.2,0.4839069518103862
qst_0302,train,intra_document_reasoning,1,True,3.4965075614664802,4.902447700500488,0.21796981824456302,0.6696972846984863,0.01049908995628357,0.9,0.8962611751617638
qst_0303,test,intra_document_reasoning,1,True,3.258096538021482,3.316400451660156,0.04092524086973429,0.6292743384838104,0.00783151388168335,0.0,0.43838898654859404
qst_0304,train,intra_document_reasoning,1,True,3.258096538021482,6.2168817138671875,0.2991005365442802,0.5637527406215668,0.0012312531471252441,0.1,0.8784930467848129
qst_0305,test,intra_document_reasoning,1,True,3.4965075614664802,6.046122074127197,0.42936871930955123,0.6730508506298065,0.15791425108909607,0.5,0.991240572591776
qst_0306,train,intra_document_reasoning,1,True,3.4011973816621555,3.5132840912917565,0.009591965195934613,0.6490266025066376,0.05904856324195862,0.3,0.5777284537019277
qst_0307,train,intra_document_reasoning,1,True,3.295836866004329,4.3200093782865086,0.008231808107559014,0.5994154810905457,0.03940320014953613,0.1,0.4764452193328877
qst_0308,train,intra_document_reasoning,1,True,3.5553480614894135,4.028602600097656,0.07184707087705196,0.6757347583770752,0.03169065713882446,0.1,0.5736326527902806
qst_0309,test,intra_document_reasoning,1,True,3.295836866004329,4.500328650841346,0.4142255256464559,0.6514056026935577,0.087464839220047,0.6,0.9847731274780833
qst_0310,test,intra_document_reasoning,1,True,3.2188758248682006,3.036463419596354,0.009153897114371526,0.618099719285965,0.03527906537055969,0.4,0.5613380825849812
qst_0311,train,intra_document_reasoning,1,True,3.1780538303479458,4.050357984459919,0.015229595405110841,0.6764513254165649,0.016295522451400757,0.1,0.4018599620084783
qst_0312,test,intra_document_reasoning,0,True,2.833213344056216,6.549567699432373,0.024828329112742593,0.5681653916835785,0.060258179903030396,0.2,0.570072644405861
qst_0313,train,intra_document_reasoning,1,True,3.258096538021482,5.268900146484375,0.1758011464957233,0.6085759401321411,0.015712052583694458,0.2,0.7695761093134975
qst_0314,test,intra_document_reasoning,1,True,3.4339872044851463,3.7550374348958333,0.06736935410115318,0.5831925570964813,0.08148574829101562,0.2,0.7414185956576343
qst_0315,train,intra_document_reasoning,1,True,3.1780538303479458,3.819210218346637,0.01318883182113682,0.5578836798667908,0.019261062145233154,0.2,0.48706631547606855
qst_0316,train,intra_document_reasoning,1,True,3.2188758248682006,5.8212025960286455,0.24943168165872284,0.64968141913414,0.0183926522731781,0.2,0.8475080592501772
qst_0317,test,intra_document_reasoning,1,True,3.2188758248682006,4.253286043802897,0.11452791736962936,0.6051782071590424,0.03934347629547119,0.1,0.703044227295276
qst_0318,test,intra_document_reasoning,1,True,3.58351893845611,6.280321829659599,0.25393502824015546,0.6580336391925812,0.10926595330238342,0.3,0.9367466893822741
qst_0319,train,intra_document_reasoning,1,True,3.5553480614894135,3.4732284545898438,0.143126405277285,0.6476777195930481,0.007395327091217041,0.4,0.7503082265897607
qst_0320,test,intra_document_reasoning,1,True,3.4657359027997265,3.986387191280242,0.012251864718857393,0.6029283702373505,0.006140261888504028,0.3,0.461756758706012
qst_0321,test,intra_document_reasoning,1,True,3.1780538303479458,3.4676055908203125,0.09780968118467466,0.4332602024078369,0.004346966743469238,0.0,0.6348584097273863
qst_0322,test,intra_document_reasoning,1,True,3.5263605246161616,4.91306143095999,0.17726020969149547,0.6356415152549744,0.08428198099136353,0.8,0.9276512247252634
qst_0323,train,intra_document_reasoning,1,True,3.4339872044851463,4.645284525553385,0.310194042462056,0.7188336849212646,0.07341304421424866,0.4,0.948203287015845
qst_0324,train,intra_document_reasoning,1,True,3.367295829986474,3.6355484553745816,0.08215778712283833,0.5121923387050629,0.013488441705703735,0.1,0.622035538104346
qst_0325,test,intra_document_reasoning,1,True,2.9444389791664403,4.040576934814453,0.059559943719220465,0.48339760303497314,0.0006800293922424316,0.1,0.5409139734072119
qst_0326,test,intra_document_reasoning,1,True,3.367295829986474,4.525745936802456,0.1141789427293679,0.5452597141265869,0.025734424591064453,0.1,0.6935412294417839
qst_0327,test,intra_document_reasoning,1,True,3.367295829986474,4.673285893031529,0.15637494509077413,0.6665272116661072,0.03636416792869568,0.1,0.744423359168785
qst_0328,train,intra_document_reasoning,1,True,3.258096538021482,6.181785278320312,0.3405311309362133,0.5465759932994843,0.01992124319076538,0.2,0.9335486629815549
qst_0329,train,intra_document_reasoning,1,True,3.295836866004329,3.689557589017428,0.010826465736777391,0.6355705857276917,0.009440481662750244,0.0,0.3697835626895481
qst_0330,test,intra_document_reasoning,1,True,3.091042453358316,3.2958126976376487,0.004152003954247487,0.48389679193496704,0.027379989624023438,0.3,0.5524138310972974
qst_0331,train,intra_document_reasoning,1,True,3.5263605246161616,3.4738468979344224,0.1305800583986337,0.6187039017677307,0.02589094638824463,0.4,0.7752948128470962
qst_0332,train,intra_document_reasoning,1,True,3.4339872044851463,6.01628672281901,0.2878238755696939,0.5738795697689056,0.05376359820365906,0.0,0.9105302696410678
qst_0333,test,intra_document_reasoning,1,True,3.332204510175204,3.481654131854022,0.07285621195484694,0.5717972815036774,0.007644921541213989,0.1,0.563513299368718
qst_0334,train,intra_document_reasoning,1,True,3.367295829986474,2.7708377838134766,0.09482291261330124,0.6905406713485718,0.043281763792037964,0.8,0.8076523190543081
qst_0335,test,intra_document_reasoning,1,True,3.1780538303479458,4.9072398310122285,0.1012839301213224,0.6196284890174866,0.0040198564529418945,0.8,0.7496163835101778
qst_0336,train,intra_document_reasoning,1,True,3.1354942159291497,3.8329426158558237,0.2184245678759012,0.6162735819816589,0.001595139503479004,0.1,0.7959044747545915
qst_0337,train,intra_document_reasoning,1,True,3.1354942159291497,3.9455989490855825,0.09974743057900591,0.5468702912330627,0.0004350244998931885,0.4,0.6856892405783129
qst_0338,test,intra_document_reasoning,1,True,3.258096538021482,4.029844970703125,0.08693944322285292,0.5660596191883087,0.0012157857418060303,0.2,0.6019210556121861
qst_0339,train,intra_document_reasoning,1,True,3.1780538303479458,5.386637480362602,0.07987229890967093,0.5584414899349213,0.01485702395439148,0.4,0.6576949396064632
qst_0340,test,intra_document_reasoning,1,True,3.332204510175204,3.364524558738426,0.02088459228223317,0.5652614831924438,0.08527350425720215,0.6,0.7636471411617995
qst_0341,test,project_related,0,True,3.4339872044851463,4.572509256998698,0.11242637447567659,0.6139150261878967,0.013102501630783081,0.2,0.660128250602699
qst_0342,train,project_related,0,False,3.6888794541139363,4.178370940379607,0.050665596705468365,0.5888703465461731,0.06854555010795593,0.4,0.7262542774523193
qst_0343,train,project_related,1,True,3.4011973816621555,4.202051886196794,0.006230447092726195,0.7138268947601318,0.0022052228450775146,1.0,0.5859381449809988
qst_0344,test,project_related,0,True,3.4657359027997265,3.292789582283266,0.04733392489092161,0.6764796376228333,0.03705263137817383,0.1,0.5402497766630797
qst_0345,test,project_related,0,False,3.6109179126442243,3.407843907674154,0.015496300580371233,0.6048693954944611,0.03168433904647827,0.2,0.5145430169297593
qst_0346,test,project_related,1,True,3.295836866004329,3.565060248741737,0.03420008232594076,0.5510797500610352,0.04042315483093262,0.2,0.5964312714921819
qst_0347,test,project_related,1,True,3.4965075614664802,4.92471170425415,0.10517687627525098,0.5386227369308472,0.005448460578918457,0.7,0.7673601897344094
qst_0348,train,project_related,0,True,3.4339872044851463,3.9879910786946615,0.002661748914431787,0.6936798989772797,0.10797885060310364,0.4,0.6799636705164432
qst_0349,test,project_related,0,False,3.044522437723423,2.8425420761108398,0.02518904279490176,0.5754876732826233,0.035986900329589844,0.0,0.502314399455423
qst_0350,test,project_related,0,False,3.295836866004329,3.589779780461238,0.22249795847634898,0.6945113837718964,0.08278155326843262,0.6,0.9330444568075731
qst_0351,test,project_related,1,True,3.6888794541139363,3.8469156118539662,0.06010996153817598,0.580591470003128,0.0001169741153717041,0.7,0.6749719973227147
qst_0352,test,project_related,1,True,3.58351893845611,4.319852120535714,0.01257994991070477,0.7293047308921814,0.09664776921272278,1.0,0.7898049872139361
qst_0353,test,project_related,1,True,3.4657359027997265,3.47968021515877,0.047636466821531866,0.7022803723812103,0.017793506383895874,0.8,0.6712425561752214
qst_0354,test,project_related,0,False,3.6375861597263857,3.654767423062711,0.07696342114714895,0.6296710669994354,0.011744648218154907,0.8,0.7386557787351732
qst_0355,train,project_related,1,True,3.58351893845611,4.453583199637277,0.06768658574153995,0.7322887182235718,0.05634647607803345,0.2,0.6229131560110412
qst_0356,test,project_related,0,False,3.4657359027997265,4.417620258946573,0.004295197232105332,0.621141254901886,0.03594854474067688,0.2,0.479209047169121
qst_0357,test,project_related,1,True,3.4965075614664802,5.26158332824707,0.05994368489642335,0.7094806134700775,0.040354639291763306,1.0,0.759499077303794
qst_0358,test,project_related,0,True,3.4011973816621555,4.51159562735722,0.06332327092259524,0.5269089341163635,0.06797021627426147,0.6,0.8007197776864392
qst_0359,train,project_related,1,True,3.4965075614664802,4.503227233886719,0.05636824498896225,0.5885671377182007,0.001928865909576416,1.0,0.7298167672511008
qst_0360,test,project_related,1,True,3.5553480614894135,3.517895418054917,0.017718145412372193,0.605980396270752,0.002815067768096924,0.7,0.5860145924047448
qst_0361,test,project_related,1,True,3.5553480614894135,4.462708417107077,0.01582475471931877,0.802934929728508,0.2118314951658249,0.6,0.8536582633522108
qst_0362,test,project_related,0,False,3.4657359027997265,4.113559845955141,0.021245758434609595,0.7791152894496918,0.031906336545944214,0.8,0.611044790980138
qst_0363,train,project_related,0,False,3.8066624897703196,3.400165557861328,0.018503134681936543,0.7065998315811157,0.011482179164886475,0.7,0.57023476836272
qst_0364,train,project_related,0,True,3.367295829986474,4.51521246773856,0.025651108189524024,0.7406499087810516,0.016407370567321777,0.8,0.5930972605320245
qst_0365,test,project_related,0,False,3.5553480614894135,4.082100363338695,0.011819916678338677,0.7225777208805084,0.047730088233947754,0.3,0.5168635298610618
qst_0366,test,project_related,0,False,3.6635616461296463,4.257801658228824,0.03363674592891229,0.6960549354553223,0.02864012122154236,0.7,0.6376169059878083
qst_0367,test,project_related,0,False,3.6109179126442243,4.64459228515625,0.03462923052887178,0.6324880421161652,0.009445995092391968,1.0,0.6894262938450523
qst_0368,test,project_related,1,True,3.4965075614664802,4.423972129821777,0.01772823602984433,0.5869396924972534,0.012606441974639893,1.0,0.6832661731764629
qst_0369,train,project_related,0,False,3.258096538021482,3.2881265258789063,0.011211622814650064,0.7282137870788574,0.007026582956314087,0.7,0.5289463094305599
qst_0370,train,project_related,0,False,3.295836866004329,3.9773204510028544,0.06620073971173066,0.7804272770881653,0.08859825134277344,0.3,0.698818025487677
qst_0371,test,project_related,0,False,3.295836866004329,5.111481299767127,0.03904869973341024,0.692483127117157,0.004625082015991211,0.5,0.5219618316232116
qst_0372,test,project_related,1,True,3.4965075614664802,3.9310050010681152,0.03831104517695779,0.6701927185058594,0.0064078569412231445,0.8,0.6338592900247794
qst_0373,train,project_related,0,True,3.5263605246161616,4.8207041422526045,0.02178304166088367,0.6746475100517273,0.04204171895980835,1.0,0.7172817110843834
qst_0374,train,project_related,0,False,3.5263605246161616,4.884836832682292,0.021140477934432106,0.644356369972229,0.005560457706451416,0.2,0.42506233235191504
qst_0375,test,project_related,0,False,3.5553480614894135,4.158211651970358,0.024338975419049766,0.6961506903171539,0.0071495771408081055,0.7,0.5652234139101007
qst_0376,test,project_related,0,False,3.6635616461296463,4.773955897281044,0.19143374575980787,0.8349207639694214,0.11534383893013,0.2,0.8652216880183675
qst_0377,test,project_related,0,False,3.4657359027997265,4.375053159652218,0.04175654007660297,0.5510345101356506,0.01703202724456787,0.6,0.6560904210018279
qst_0378,train,project_related,1,True,3.332204510175204,4.678709242078993,0.14988455515231897,0.6630350649356842,0.09808430075645447,1.0,0.9320780423216228
qst_0379,test,project_related,0,False,3.4657359027997265,4.299223869077621,0.002475507111444303,0.6610885560512543,0.017318755388259888,1.0,0.6365375961960805
qst_0380,train,project_related,1,True,3.367295829986474,3.3235686165945872,0.004468028415542466,0.6460385322570801,0.001282036304473877,1.0,0.6186866228269859
qst_0381,test,constrained,1,True,3.828641396489095,3.905309380425347,0.05004425544831716,0.6904808580875397,0.011197954416275024,0.8,0.6622227495006494
qst_0382,train,constrained,1,True,3.5263605246161616,2.8721812855113638,0.009601502471492194,0.6873821914196014,0.10112974047660828,0.2,0.6437943284798192
qst_0383,test,constrained,1,True,4.007333185232471,3.1589293303313077,0.11005768353114881,0.687761515378952,0.1405946910381317,1.0,0.9383659473033431
qst_0384,train,constrained,0,True,3.912023005428146,3.7524628931162307,0.0033172203928764697,0.6211746633052826,0.04896336793899536,0.4,0.5796584098454748
qst_0385,train,constrained,1,True,3.4339872044851463,4.320463562011719,0.197297812423442,0.5947861671447754,0.008104324340820312,0.6,0.8630777442866322
qst_0386,train,constrained,1,True,3.4965075614664802,3.318777084350586,0.0861613108083644,0.757305234670639,0.18215718865394592,0.3,0.8753775560839129
qst_0387,test,constrained,1,True,3.8918202981106265,3.143744150797526,0.0735787458121675,0.688346654176712,0.09781193733215332,0.2,0.7521521135293848
qst_0388,test,constrained,1,True,3.8066624897703196,3.8151099465110083,0.07714456345177204,0.6589244604110718,0.02903243899345398,0.8,0.760953155838536
qst_0389,train,constrained,1,True,3.5553480614894135,5.599321701947381,0.34676736977542577,0.8044914901256561,0.3328520953655243,0.1,0.9917763538229443
qst_0390,test,constrained,1,True,4.007333185232471,3.2563168561017073,0.10122698667806093,0.6227345168590546,0.0016369521617889404,0.4,0.6743323140913676
qst_0391,train,constrained,1,True,3.7612001156935624,2.9881575448172435,0.0003170843992226326,0.7296956479549408,0.033764779567718506,0.4,0.4968407798126252
qst_0392,test,constrained,1,True,3.8501476017100584,4.077415134595788,0.15795414645162822,0.6603323221206665,0.060862183570861816,0.6,0.8743090118360439
qst_0393,test,constrained,1,True,4.007333185232471,4.137723852086951,0.0285416282386338,0.6489198207855225,0.002312213182449341,0.6,0.5572638120848042
qst_0394,test,constrained,1,True,3.912023005428146,4.31359676438935,0.0847395824083832,0.7212150692939758,0.01308661699295044,0.6,0.6674442481796076
qst_0395,train,constrained,1,True,3.7612001156935624,4.939324151901972,0.28711940944790093,0.6048485338687897,0.1541898548603058,0.5,0.9793790391552093
qst_0396,train,constrained,1,True,3.6888794541139363,3.555293939052484,0.173828517473883,0.654119074344635,0.10731923580169678,0.1,0.8814937675272797
qst_0397,train,constrained,0,False,3.970291913552122,3.246707329383263,0.04032956980894427,0.6063452959060669,0.04797312617301941,0.4,0.6661015097833649
qst_0398,test,constrained,1,True,3.8501476017100584,4.343342324961787,0.17633648225636744,0.7210304141044617,0.13032343983650208,0.3,0.9067926384997023
qst_0399,test,constrained,1,True,3.58351893845611,2.866607666015625,0.02318643531635771,0.5823441743850708,0.023514747619628906,0.4,0.583976119448552
qst_0400,test,constrained,0,False,3.367295829986474,4.4262542724609375,0.016129411544539837,0.7035829424858093,0.06675899028778076,0.9,0.7286070268619346
qst_0401,train,constrained,1,True,3.7612001156935624,4.121507553827195,0.2794787147497655,0.8299489915370941,0.29981139302253723,0.3,0.9869068515347592
qst_0402,test,constrained,1,True,4.060443010546419,5.136270623458059,0.05783276278500966,0.7773656845092773,0.01436777412891388,1.0,0.6799447576450822
qst_0403,test,constrained,1,True,3.8918202981106265,3.926025072733561,0.21980522269788677,0.6460574865341187,0.022367656230926514,0.9,0.9169801962217775
qst_0404,train,constrained,0,False,3.9512437185814275,3.7662910012637867,0.0032279410654890567,0.6513023376464844,0.0108833909034729,0.2,0.41558798343165226
qst_0405,test,constrained,0,True,3.7612001156935624,3.683068411690848,0.1142611383855691,0.7155215740203857,0.16099876165390015,0.6,0.9188503048387263
qst_0406,test,constrained,1,True,3.784189633918261,3.7751372581304508,0.20780544808966814,0.7767142504453659,0.13026486337184906,0.1,0.9018525134989349
qst_0407,test,constrained,1,True,3.828641396489095,4.789024183485243,0.33193973663720094,0.5436221063137054,0.0027140676975250244,0.0,0.9086365558453742
qst_0408,test,constrained,0,False,3.970291913552122,2.991959498478816,0.016119903317064223,0.6803314089775085,0.11890491843223572,0.3,0.7198225895768715
qst_0409,train,constrained,1,True,3.8501476017100584,2.7240615513013755,0.10913603978807634,0.7550973296165466,0.10983127355575562,0.2,0.8049952250850969
qst_0410,test,constrained,1,True,3.828641396489095,3.484873792860243,0.04001717959104283,0.7568633407354355,0.1902747005224228,0.4,0.8481406147672327
qst_0411,train,conflicting_info,1,True,3.1354942159291497,5.873687744140625,0.08105295823317947,0.5853827893733978,0.015492051839828491,0.0,0.5347930236500418
qst_0412,test,conflicting_info,1,True,3.044522437723423,5.141147232055664,0.24958936230787843,0.4327735900878906,0.02357161045074463,0.0,0.8800335170360507
qst_0413,test,conflicting_info,1,True,2.8903717578961645,4.082282122443704,0.42987585308609416,0.4800763726234436,0.009055376052856445,0.0,0.9592540425628814
qst_0414,train,conflicting_info,0,False,2.772588722239781,4.856997172037761,0.2791340048349372,0.6343746781349182,0.034873902797698975,0.9,0.945095217065244
qst_0415,test,conflicting_info,1,True,2.4849066497880004,4.275292830033735,0.15923001036812776,0.5080154538154602,0.048629581928253174,0.5,0.8612778570075234
qst_0416,test,conflicting_info,1,True,2.639057329615259,4.33736096895658,0.3248444930377979,0.6248537600040436,0.09502178430557251,0.5,0.9668243002096357
qst_0417,test,conflicting_info,1,True,2.4849066497880004,3.817326632412997,0.0098334947675157,0.7378097176551819,0.051363199949264526,0.5,0.5599177093535509
qst_0418,train,conflicting_info,1,True,2.995732273553991,4.11658397473787,0.018549409182320897,0.5662727952003479,0.030617356300354004,0.3,0.5478792852886646
qst_0419,test,conflicting_info,0,False,2.5649493574615367,3.860029856363932,0.05931610715461033,0.5828258991241455,0.0040814876556396484,0.1,0.504773512366068
qst_0420,test,conflicting_info,1,True,2.995732273553991,3.954530013234992,0.040522388021813044,0.538197934627533,0.019131779670715332,0.1,0.5242886813748918
qst_0421,test,conflicting_info,1,True,2.5649493574615367,3.9758993784586587,0.01872880503534873,0.5001380145549774,0.0327887237071991,0.1,0.519011469084765
qst_0422,train,conflicting_info,1,True,2.9444389791664403,2.8975406222873263,0.09687630007273093,0.707718551158905,0.08052995800971985,0.4,0.7854066614616377
qst_0423,test,conflicting_info,1,True,2.70805020110221,4.048752920968192,0.19101072024555105,0.624717116355896,0.0026569366455078125,0.1,0.7431066367774134
qst_0424,test,conflicting_info,1,True,2.639057329615259,5.612139775202825,0.026126752337486996,0.5520655810832977,0.017885535955429077,0.3,0.51365350152263
qst_0425,train,conflicting_info,1,True,2.70805020110221,5.373538970947266,0.20214295703650337,0.5836983323097229,0.0117301344871521,0.3,0.8128695155982247
qst_0426,train,conflicting_info,1,True,2.995732273553991,5.136026081285979,0.0315491968903714,0.6449946463108063,0.00181502103805542,0.5,0.5141588126186932
qst_0427,train,conflicting_info,1,True,2.4849066497880004,6.412458246404475,0.2283291065608515,0.544054388999939,0.030937910079956055,0.1,0.8341302204629097
qst_0428,train,conflicting_info,0,False,2.70805020110221,3.953299113682338,0.020892196121891523,0.635441780090332,0.002840369939804077,0.5,0.5079928920180642
qst_0429,train,conflicting_info,1,True,2.8903717578961645,6.34128615435432,0.15601771177891616,0.5673193633556366,0.022834300994873047,0.3,0.7649089664328689
qst_0430,train,conflicting_info,1,True,2.5649493574615367,3.7206827799479165,0.13211544586857976,0.581267237663269,0.03907349705696106,0.2,0.752069171818144
qst_0431,test,completeness,1,True,2.833213344056216,4.129515647888184,0.014636691761481403,0.6751930117607117,0.027638792991638184,0.5,0.5396879771482752
qst_0432,test,completeness,0,True,2.4849066497880004,4.87514911998402,0.36699793468470615,0.6529448628425598,0.0029772520065307617,0.8,0.9491252753741178
qst_0433,test,completeness,0,False,3.044522437723423,3.816522979736328,0.04482764548886903,0.7729695588350296,0.005742117762565613,0.5,0.5154769943837426
qst_0434,test,completeness,0,False,2.9444389791664403,5.456947750515408,0.19526329259535571,0.6397488117218018,0.10154396295547485,1.0,0.9500212348655555
qst_0435,train,completeness,0,False,2.639057329615259,3.5666876572829027,0.012485998347157074,0.5539409518241882,0.04739820957183838,0.0,0.49861764144136195
qst_0436,train,completeness,0,False,3.332204510175204,3.4640460544162326,0.04073858813865495,0.6283030211925507,0.03542846441268921,0.6,0.6763905142505958
qst_0437,train,completeness,0,False,2.772588722239781,3.0737635294596353,0.024324764841521927,0.6268719434738159,0.028285354375839233,0.6,0.6197535098058279
qst_0438,train,completeness,0,False,2.995732273553991,3.580639487818668,0.17277840017673887,0.6515576243400574,0.039035797119140625,0.3,0.81911138027756
qst_0439,train,completeness,0,False,3.1354942159291497,3.039004239169034,0.018354774452872594,0.763663724064827,0.02078898251056671,0.2,0.4244883186561023
qst_0440,train,completeness,0,False,3.6375861597263857,3.198526124696474,0.004088441962516609,0.8011928796768188,0.07091233134269714,0.5,0.591387255080787
qst_0441,test,completeness,0,False,3.258096538021482,4.290673828125,0.1277083119957211,0.8066478669643402,0.09862729907035828,0.5,0.8330967542329376
qst_0442,train,completeness,0,False,3.4657359027997265,4.0253812728389615,0.12253557672637258,0.7372351884841919,0.010781526565551758,0.2,0.6300006996801303
qst_0443,test,completeness,0,False,3.258096538021482,3.0716619873046875,0.13355194748809315,0.7149260342121124,0.0682646632194519,0.6,0.849574878897435
qst_0444,test,completeness,0,False,3.5553480614894135,3.6344245461856617,0.1635611223672291,0.6791741847991943,0.006025254726409912,0.2,0.7250364782168893
qst_0445,train,completeness,0,False,3.5553480614894135,3.451955234303194,0.01252917175519498,0.6821099817752838,0.005225092172622681,0.3,0.43369839451105335
qst_0446,test,completeness,1,True,3.091042453358316,3.6107159569149925,0.11774114887510126,0.7967166602611542,0.010171979665756226,0.8,0.7341972026122997
qst_0447,train,completeness,0,False,3.4339872044851463,3.2523178100585937,4.050471692285509e-05,0.7150780260562897,0.03743329644203186,0.4,0.5043152295181126
qst_0448,test,completeness,0,False,3.1780538303479458,3.05797643246858,0.010934674744843307,0.8187405467033386,0.06882175803184509,0.2,0.5066449741131072
qst_0449,train,completeness,0,False,3.1780538303479458,3.13989954409392,0.15283126465750033,0.6290517151355743,0.030173778533935547,0.2,0.7719894617566198
qst_0450,train,completeness,0,False,2.9444389791664403,2.9885262383355036,0.005696927647260219,0.5813789963722229,0.05611300468444824,0.1,0.5330975880260415
qst_0451,test,miscellaneous,0,False,3.1354942159291497,3.0057383450594815,0.006635285110159463,0.36259138584136963,0.008648931980133057,0.0,0.48055967366565966
qst_0452,train,miscellaneous,1,True,3.332204510175204,4.412095811631945,0.33675164081833414,0.42958760261535645,0.01660311222076416,0.0,0.9373291066107927
qst_0453,train,miscellaneous,1,True,2.995732273553991,5.146889937551398,0.27132360456089843,0.5507399141788483,0.04041475057601929,0.5,0.9342000804373779
qst_0454,test,miscellaneous,1,True,2.772588722239781,5.655936686197917,0.12017258236133303,0.3900828957557678,0.016665279865264893,0.1,0.7117319494354017
qst_0455,test,miscellaneous,1,True,3.044522437723423,6.379875564575196,0.3743248885569466,0.4944150447845459,0.07081466913223267,0.3,0.9726110262180995
qst_0456,train,miscellaneous,1,True,2.772588722239781,4.1475067138671875,0.09960223586732447,0.4897335171699524,0.002375960350036621,0.1,0.6248180840656337
qst_0457,train,miscellaneous,0,False,3.1780538303479458,4.533615444017493,0.006476996794756181,0.5437379479408264,0.0038633346557617188,0.1,0.4023047143396327
qst_0458,test,miscellaneous,1,True,2.70805020110221,9.511039733886719,0.03022511988597382,0.28525304794311523,0.0012196898460388184,0.0,0.46897713642578903
qst_0459,test,miscellaneous,1,True,2.772588722239781,5.914621988932292,0.4551945974672833,0.49581480026245117,0.004765748977661133,0.1,0.9632154733901915
qst_0460,train,miscellaneous,1,True,2.995732273553991,3.9200166401110197,0.008889313197608264,0.5580836534500122,0.05722418427467346,0.6,0.6775797592800268
qst_0461,test,miscellaneous,1,True,3.044522437723423,4.543871307373047,0.23138523606542458,0.42427587509155273,0.010866522789001465,0.0,0.852282272860243
qst_0462,test,miscellaneous,1,True,3.1780538303479458,5.000954006029212,0.39241992454840613,0.8135718107223511,0.35942161083221436,0.1,0.9952392593900703
qst_0463,test,miscellaneous,1,True,2.772588722239781,5.40407969156901,0.32234991862946244,0.5130517780780792,0.006035506725311279,0.0,0.8998277710836663
qst_0464,test,miscellaneous,1,True,2.9444389791664403,3.964954800075955,0.05265272272110263,0.4506204128265381,0.06496000289916992,0.2,0.7147741507455989
qst_0465,train,miscellaneous,1,True,2.639057329615259,5.8096759502704325,0.11451710401001443,0.5714377760887146,0.014530062675476074,0.3,0.6778967111065647
qst_0466,train,miscellaneous,1,True,2.772588722239781,7.472391764322917,0.1078167925006058,0.5992734432220459,0.020259320735931396,0.7,0.7319719007322417
qst_0467,train,miscellaneous,1,True,3.5553480614894135,3.911897995892693,0.05740017449494269,0.7594166845083237,0.09305648505687714,0.1,0.6542111198369772
qst_0468,test,miscellaneous,1,True,3.258096538021482,3.673816833496094,0.03381024479823378,0.34304583072662354,0.01599419116973877,0.0,0.5588148956021697
qst_0469,test,miscellaneous,1,True,2.995732273553991,4.121678001002262,0.0846358247531905,0.36059272289276123,0.02955394983291626,0.0,0.6798877102582733
qst_0470,test,miscellaneous,1,True,3.367295829986474,3.1506639208112444,0.08867060042530533,0.6450814306735992,0.005125284194946289,0.2,0.5931889422408587
qst_0481,train,info_not_found,0,False,3.5263605246161616,3.6843740289861504,0.001142611307026479,0.6439032852649689,0.05062016844749451,1.0,0.722737102628414
qst_0482,train,info_not_found,0,False,3.6109179126442243,5.132548014322917,0.09839014963829154,0.6564624905586243,0.04884868860244751,0.8,0.812300414831676
qst_0483,test,info_not_found,0,False,3.4657359027997265,3.561092745873236,0.012677108182938152,0.4595744013786316,0.0011056065559387207,0.1,0.46024462611069805
qst_0484,train,info_not_found,0,False,3.295836866004329,4.840069404015174,0.21869457378007978,0.5562122166156769,0.014422625303268433,0.4,0.8705800176750013
qst_0485,train,info_not_found,0,False,3.332204510175204,3.997823361997251,0.1571297377388426,0.4734455347061157,0.01012277603149414,0.0,0.7447300823531012
qst_0486,test,info_not_found,0,False,3.4965075614664802,3.7609589099884033,0.030176793650300595,0.47019344568252563,0.01238936185836792,0.9,0.728613363721076
qst_0487,train,info_not_found,0,False,3.5553480614894135,4.452088299919577,0.2327921675361004,0.5919185280799866,0.0003682374954223633,0.3,0.8496779809722904
qst_0488,train,info_not_found,0,False,3.6888794541139363,4.093769171299079,0.03378060858730641,0.6301495134830475,0.036492377519607544,0.6,0.6592900893439647
qst_0489,test,info_not_found,0,False,3.1354942159291497,4.749834927645597,0.03253819867604597,0.5252318382263184,0.06387794017791748,0.3,0.6684242767382387
qst_0490,test,info_not_found,0,False,3.6109179126442243,4.082410176595052,0.14150971997009015,0.6016524732112885,0.00513225793838501,0.2,0.7095783011742506
qst_0491,test,info_not_found,0,False,3.6109179126442243,3.516645007663303,0.013047429755050934,0.4846625328063965,0.021576106548309326,0.2,0.5329787278140369
qst_0492,train,info_not_found,0,False,3.332204510175204,3.960078204119647,0.02660680959249691,0.5717442035675049,0.0008377432823181152,0.3,0.4929743375460449
qst_0493,test,info_not_found,0,False,3.4339872044851463,4.625004577636719,0.11847780890384377,0.6690287590026855,0.06217026710510254,0.9,0.8690184865496221
qst_0494,test,info_not_found,0,False,3.58351893845611,4.211712646484375,0.24952860353818548,0.6116366982460022,0.08058461546897888,0.2,0.9281307085946272
qst_0495,train,info_not_found,0,False,3.4339872044851463,4.807088724772135,0.2304966257441842,0.4656631350517273,0.005168795585632324,0.0,0.8373958585837769
qst_0496,test,info_not_found,0,False,3.6375861597263857,3.3743057250976562,0.01044728664297396,0.6223025619983673,0.03368446230888367,0.9,0.6923790322640059
qst_0497,test,info_not_found,0,False,3.4339872044851463,3.0107996622721354,0.014954456249737097,0.4611849784851074,0.012593626976013184,0.3,0.5563168757935771
qst_0498,train,info_not_found,0,False,3.5553480614894135,4.145624048569623,0.09362498821364805,0.6186619997024536,0.02482125163078308,0.6,0.7490700388192738
qst_0499,train,info_not_found,0,False,3.5263605246161616,4.132241451379024,0.11860358839663059,0.516095370054245,0.013363450765609741,0.0,0.6652812013891974
qst_0500,train,info_not_found,0,False,3.4657359027997265,3.5110650831653225,0.04542861652995261,0.4968208074569702,0.021280765533447266,0.3,0.6252292979036622
